,Filename,Predictions
0,/content/drive/.shortcut-targets-by-id/15qa4hIChQXkeQYo-au1j2OlepLD5nVxo/Newer_correct_cqt_fft_stft/splitted_fft/val/Bach/2302_0.png,Bach
1,/content/drive/.shortcut-targets-by-id/15qa4hIChQXkeQYo-au1j2OlepLD5nVxo/Newer_correct_cqt_fft_stft/splitted_fft/val/Bach/2302_1.png,Beethoven
2,/content/drive/.shortcut-targets-by-id/15qa4hIChQXkeQYo-au1j2OlepLD5nVxo/Newer_correct_cqt_fft_stft/splitted_fft/val/Bach/2302_2.png,Schubert
3,/content/drive/.shortcut-targets-by-id/15qa4hIChQXkeQYo-au1j2OlepLD5nVxo/Newer_correct_cqt_fft_stft/splitted_fft/val/Bach/2304_0.png,Bach
4,/content/drive/.shortcut-targets-by-id/15qa4hIChQXkeQYo-au1j2OlepLD5nVxo/Newer_correct_cqt_fft_stft/splitted_fft/val/Bach/2304_1.png,Beethoven
5,/content/drive/.shortcut-targets-by-id/15qa4hIChQXkeQYo-au1j2OlepLD5nVxo/Newer_correct_cqt_fft_stft/splitted_fft/val/Bach/2304_2.png,Bach
6,/content/drive/.shortcut-targets-by-id/15qa4hIChQXkeQYo-au1j2OlepLD5nVxo/Newer_correct_cqt_fft_stft/splitted_fft/val/Bach/2304_3.png,Bach
7,/content/drive/.shortcut-targets-by-id/15qa4hIChQXkeQYo-au1j2OlepLD5nVxo/Newer_correct_cqt_fft_stft/splitted_fft/val/Bach/2304_4.png,Bach
8,/content/drive/.shortcut-targets-by-id/15qa4hIChQXkeQYo-au1j2OlepLD5nVxo/Newer_correct_cqt_fft_stft/splitted_fft/val/Bach/2304_5.png,Bach
9,/content/drive/.shortcut-targets-by-id/15qa4hIChQXkeQYo-au1j2OlepLD5nVxo/Newer_correct_cqt_fft_stft/splitted_fft/val/Bach/2305_0.png,Bach
10,/content/drive/.shortcut-targets-by-id/15qa4hIChQXkeQYo-au1j2OlepLD5nVxo/Newer_correct_cqt_fft_stft/splitted_fft/val/Bach/2305_1.png,Bach
11,/content/drive/.shortcut-targets-by-id/15qa4hIChQXkeQYo-au1j2OlepLD5nVxo/Newer_correct_cqt_fft_stft/splitted_fft/val/Bach/2307_0.png,Bach
12,/content/drive/.shortcut-targets-by-id/15qa4hIChQXkeQYo-au1j2OlepLD5nVxo/Newer_correct_cqt_fft_stft/splitted_fft/val/Bach/2307_1.png,Bach
13,/content/drive/.shortcut-targets-by-id/15qa4hIChQXkeQYo-au1j2OlepLD5nVxo/Newer_correct_cqt_fft_stft/splitted_fft/val/Bach/2307_2.png,Bach
14,/content/drive/.shortcut-targets-by-id/15qa4hIChQXkeQYo-au1j2OlepLD5nVxo/Newer_correct_cqt_fft_stft/splitted_fft/val/Bach/2307_3.png,Bach
15,/content/drive/.shortcut-targets-by-id/15qa4hIChQXkeQYo-au1j2OlepLD5nVxo/Newer_correct_cqt_fft_stft/splitted_fft/val/Bach/2308_0.png,Bach
16,/content/drive/.shortcut-targets-by-id/15qa4hIChQXkeQYo-au1j2OlepLD5nVxo/Newer_correct_cqt_fft_stft/splitted_fft/val/Bach/2308_1.png,Bach
17,/content/drive/.shortcut-targets-by-id/15qa4hIChQXkeQYo-au1j2OlepLD5nVxo/Newer_correct_cqt_fft_stft/splitted_fft/val/Bach/2308_2.png,Bach
18,/content/drive/.shortcut-targets-by-id/15qa4hIChQXkeQYo-au1j2OlepLD5nVxo/Newer_correct_cqt_fft_stft/splitted_fft/val/Bach/2308_3.png,Bach
19,/content/drive/.shortcut-targets-by-id/15qa4hIChQXkeQYo-au1j2OlepLD5nVxo/Newer_correct_cqt_fft_stft/splitted_fft/val/Bach/2310_0.png,Bach
20,/content/drive/.shortcut-targets-by-id/15qa4hIChQXkeQYo-au1j2OlepLD5nVxo/Newer_correct_cqt_fft_stft/splitted_fft/val/Bach/2659_0.png,Bach
21,/content/drive/.shortcut-targets-by-id/15qa4hIChQXkeQYo-au1j2OlepLD5nVxo/Newer_correct_cqt_fft_stft/splitted_fft/val/Bach/2659_1.png,Beethoven
22,/content/drive/.shortcut-targets-by-id/15qa4hIChQXkeQYo-au1j2OlepLD5nVxo/Newer_correct_cqt_fft_stft/splitted_fft/val/Bach/2659_2.png,Bach
23,/content/drive/.shortcut-targets-by-id/15qa4hIChQXkeQYo-au1j2OlepLD5nVxo/Newer_correct_cqt_fft_stft/splitted_fft/val/Beethoven/2607_0.png,Beethoven
24,/content/drive/.shortcut-targets-by-id/15qa4hIChQXkeQYo-au1j2OlepLD5nVxo/Newer_correct_cqt_fft_stft/splitted_fft/val/Beethoven/2607_1.png,Beethoven
25,/content/drive/.shortcut-targets-by-id/15qa4hIChQXkeQYo-au1j2OlepLD5nVxo/Newer_correct_cqt_fft_stft/splitted_fft/val/Beethoven/2607_10.png,Beethoven
26,/content/drive/.shortcut-targets-by-id/15qa4hIChQXkeQYo-au1j2OlepLD5nVxo/Newer_correct_cqt_fft_stft/splitted_fft/val/Beethoven/2607_11.png,Beethoven
27,/content/drive/.shortcut-targets-by-id/15qa4hIChQXkeQYo-au1j2OlepLD5nVxo/Newer_correct_cqt_fft_stft/splitted_fft/val/Beethoven/2607_12.png,Beethoven
28,/content/drive/.shortcut-targets-by-id/15qa4hIChQXkeQYo-au1j2OlepLD5nVxo/Newer_correct_cqt_fft_stft/splitted_fft/val/Beethoven/2607_13.png,Beethoven
29,/content/drive/.shortcut-targets-by-id/15qa4hIChQXkeQYo-au1j2OlepLD5nVxo/Newer_correct_cqt_fft_stft/splitted_fft/val/Beethoven/2607_14.png,Beethoven
30,/content/drive/.shortcut-targets-by-id/15qa4hIChQXkeQYo-au1j2OlepLD5nVxo/Newer_correct_cqt_fft_stft/splitted_fft/val/Beethoven/2607_15.png,Beethoven
31,/content/drive/.shortcut-targets-by-id/15qa4hIChQXkeQYo-au1j2OlepLD5nVxo/Newer_correct_cqt_fft_stft/splitted_fft/val/Beethoven/2607_16.png,Beethoven
32,/content/drive/.shortcut-targets-by-id/15qa4hIChQXkeQYo-au1j2OlepLD5nVxo/Newer_correct_cqt_fft_stft/splitted_fft/val/Beethoven/2607_17.png,Beethoven
33,/content/drive/.shortcut-targets-by-id/15qa4hIChQXkeQYo-au1j2OlepLD5nVxo/Newer_correct_cqt_fft_stft/splitted_fft/val/Beethoven/2607_18.png,Beethoven
34,/content/drive/.shortcut-targets-by-id/15qa4hIChQXkeQYo-au1j2OlepLD5nVxo/Newer_correct_cqt_fft_stft/splitted_fft/val/Beethoven/2607_19.png,Beethoven
35,/content/drive/.shortcut-targets-by-id/15qa4hIChQXkeQYo-au1j2OlepLD5nVxo/Newer_correct_cqt_fft_stft/splitted_fft/val/Beethoven/2607_2.png,Beethoven
36,/content/drive/.shortcut-targets-by-id/15qa4hIChQXkeQYo-au1j2OlepLD5nVxo/Newer_correct_cqt_fft_stft/splitted_fft/val/Beethoven/2607_20.png,Beethoven
37,/content/drive/.shortcut-targets-by-id/15qa4hIChQXkeQYo-au1j2OlepLD5nVxo/Newer_correct_cqt_fft_stft/splitted_fft/val/Beethoven/2607_21.png,Beethoven
38,/content/drive/.shortcut-targets-by-id/15qa4hIChQXkeQYo-au1j2OlepLD5nVxo/Newer_correct_cqt_fft_stft/splitted_fft/val/Beethoven/2607_3.png,Beethoven
39,/content/drive/.shortcut-targets-by-id/15qa4hIChQXkeQYo-au1j2OlepLD5nVxo/Newer_correct_cqt_fft_stft/splitted_fft/val/Beethoven/2607_4.png,Beethoven
40,/content/drive/.shortcut-targets-by-id/15qa4hIChQXkeQYo-au1j2OlepLD5nVxo/Newer_correct_cqt_fft_stft/splitted_fft/val/Beethoven/2607_5.png,Beethoven
41,/content/drive/.shortcut-targets-by-id/15qa4hIChQXkeQYo-au1j2OlepLD5nVxo/Newer_correct_cqt_fft_stft/splitted_fft/val/Beethoven/2607_6.png,Beethoven
42,/content/drive/.shortcut-targets-by-id/15qa4hIChQXkeQYo-au1j2OlepLD5nVxo/Newer_correct_cqt_fft_stft/splitted_fft/val/Beethoven/2607_7.png,Beethoven
43,/content/drive/.shortcut-targets-by-id/15qa4hIChQXkeQYo-au1j2OlepLD5nVxo/Newer_correct_cqt_fft_stft/splitted_fft/val/Beethoven/2607_8.png,Beethoven
44,/content/drive/.shortcut-targets-by-id/15qa4hIChQXkeQYo-au1j2OlepLD5nVxo/Newer_correct_cqt_fft_stft/splitted_fft/val/Beethoven/2607_9.png,Beethoven
45,/content/drive/.shortcut-targets-by-id/15qa4hIChQXkeQYo-au1j2OlepLD5nVxo/Newer_correct_cqt_fft_stft/splitted_fft/val/Beethoven/2608_0.png,Beethoven
46,/content/drive/.shortcut-targets-by-id/15qa4hIChQXkeQYo-au1j2OlepLD5nVxo/Newer_correct_cqt_fft_stft/splitted_fft/val/Beethoven/2608_1.png,Beethoven
47,/content/drive/.shortcut-targets-by-id/15qa4hIChQXkeQYo-au1j2OlepLD5nVxo/Newer_correct_cqt_fft_stft/splitted_fft/val/Beethoven/2608_10.png,Beethoven
48,/content/drive/.shortcut-targets-by-id/15qa4hIChQXkeQYo-au1j2OlepLD5nVxo/Newer_correct_cqt_fft_stft/splitted_fft/val/Beethoven/2608_11.png,Beethoven
49,/content/drive/.shortcut-targets-by-id/15qa4hIChQXkeQYo-au1j2OlepLD5nVxo/Newer_correct_cqt_fft_stft/splitted_fft/val/Beethoven/2608_12.png,Beethoven
50,/content/drive/.shortcut-targets-by-id/15qa4hIChQXkeQYo-au1j2OlepLD5nVxo/Newer_correct_cqt_fft_stft/splitted_fft/val/Beethoven/2608_2.png,Beethoven
51,/content/drive/.shortcut-targets-by-id/15qa4hIChQXkeQYo-au1j2OlepLD5nVxo/Newer_correct_cqt_fft_stft/splitted_fft/val/Beethoven/2608_3.png,Beethoven
52,/content/drive/.shortcut-targets-by-id/15qa4hIChQXkeQYo-au1j2OlepLD5nVxo/Newer_correct_cqt_fft_stft/splitted_fft/val/Beethoven/2608_4.png,Beethoven
53,/content/drive/.shortcut-targets-by-id/15qa4hIChQXkeQYo-au1j2OlepLD5nVxo/Newer_correct_cqt_fft_stft/splitted_fft/val/Beethoven/2608_5.png,Beethoven
54,/content/drive/.shortcut-targets-by-id/15qa4hIChQXkeQYo-au1j2OlepLD5nVxo/Newer_correct_cqt_fft_stft/splitted_fft/val/Beethoven/2608_6.png,Beethoven
55,/content/drive/.shortcut-targets-by-id/15qa4hIChQXkeQYo-au1j2OlepLD5nVxo/Newer_correct_cqt_fft_stft/splitted_fft/val/Beethoven/2608_7.png,Beethoven
56,/content/drive/.shortcut-targets-by-id/15qa4hIChQXkeQYo-au1j2OlepLD5nVxo/Newer_correct_cqt_fft_stft/splitted_fft/val/Beethoven/2608_8.png,Beethoven
57,/content/drive/.shortcut-targets-by-id/15qa4hIChQXkeQYo-au1j2OlepLD5nVxo/Newer_correct_cqt_fft_stft/splitted_fft/val/Beethoven/2608_9.png,Beethoven
58,/content/drive/.shortcut-targets-by-id/15qa4hIChQXkeQYo-au1j2OlepLD5nVxo/Newer_correct_cqt_fft_stft/splitted_fft/val/Beethoven/2611_0.png,Beethoven
59,/content/drive/.shortcut-targets-by-id/15qa4hIChQXkeQYo-au1j2OlepLD5nVxo/Newer_correct_cqt_fft_stft/splitted_fft/val/Beethoven/2611_1.png,Beethoven
60,/content/drive/.shortcut-targets-by-id/15qa4hIChQXkeQYo-au1j2OlepLD5nVxo/Newer_correct_cqt_fft_stft/splitted_fft/val/Beethoven/2611_10.png,Beethoven
61,/content/drive/.shortcut-targets-by-id/15qa4hIChQXkeQYo-au1j2OlepLD5nVxo/Newer_correct_cqt_fft_stft/splitted_fft/val/Beethoven/2611_11.png,Beethoven
62,/content/drive/.shortcut-targets-by-id/15qa4hIChQXkeQYo-au1j2OlepLD5nVxo/Newer_correct_cqt_fft_stft/splitted_fft/val/Beethoven/2611_12.png,Beethoven
63,/content/drive/.shortcut-targets-by-id/15qa4hIChQXkeQYo-au1j2OlepLD5nVxo/Newer_correct_cqt_fft_stft/splitted_fft/val/Beethoven/2611_13.png,Beethoven
64,/content/drive/.shortcut-targets-by-id/15qa4hIChQXkeQYo-au1j2OlepLD5nVxo/Newer_correct_cqt_fft_stft/splitted_fft/val/Beethoven/2611_14.png,Beethoven
65,/content/drive/.shortcut-targets-by-id/15qa4hIChQXkeQYo-au1j2OlepLD5nVxo/Newer_correct_cqt_fft_stft/splitted_fft/val/Beethoven/2611_15.png,Beethoven
66,/content/drive/.shortcut-targets-by-id/15qa4hIChQXkeQYo-au1j2OlepLD5nVxo/Newer_correct_cqt_fft_stft/splitted_fft/val/Beethoven/2611_16.png,Beethoven
67,/content/drive/.shortcut-targets-by-id/15qa4hIChQXkeQYo-au1j2OlepLD5nVxo/Newer_correct_cqt_fft_stft/splitted_fft/val/Beethoven/2611_17.png,Beethoven
68,/content/drive/.shortcut-targets-by-id/15qa4hIChQXkeQYo-au1j2OlepLD5nVxo/Newer_correct_cqt_fft_stft/splitted_fft/val/Beethoven/2611_2.png,Beethoven
69,/content/drive/.shortcut-targets-by-id/15qa4hIChQXkeQYo-au1j2OlepLD5nVxo/Newer_correct_cqt_fft_stft/splitted_fft/val/Beethoven/2611_3.png,Beethoven
70,/content/drive/.shortcut-targets-by-id/15qa4hIChQXkeQYo-au1j2OlepLD5nVxo/Newer_correct_cqt_fft_stft/splitted_fft/val/Beethoven/2611_4.png,Beethoven
71,/content/drive/.shortcut-targets-by-id/15qa4hIChQXkeQYo-au1j2OlepLD5nVxo/Newer_correct_cqt_fft_stft/splitted_fft/val/Beethoven/2611_5.png,Beethoven
72,/content/drive/.shortcut-targets-by-id/15qa4hIChQXkeQYo-au1j2OlepLD5nVxo/Newer_correct_cqt_fft_stft/splitted_fft/val/Beethoven/2611_6.png,Beethoven
73,/content/drive/.shortcut-targets-by-id/15qa4hIChQXkeQYo-au1j2OlepLD5nVxo/Newer_correct_cqt_fft_stft/splitted_fft/val/Beethoven/2611_7.png,Beethoven
74,/content/drive/.shortcut-targets-by-id/15qa4hIChQXkeQYo-au1j2OlepLD5nVxo/Newer_correct_cqt_fft_stft/splitted_fft/val/Beethoven/2611_8.png,Beethoven
75,/content/drive/.shortcut-targets-by-id/15qa4hIChQXkeQYo-au1j2OlepLD5nVxo/Newer_correct_cqt_fft_stft/splitted_fft/val/Beethoven/2611_9.png,Beethoven
76,/content/drive/.shortcut-targets-by-id/15qa4hIChQXkeQYo-au1j2OlepLD5nVxo/Newer_correct_cqt_fft_stft/splitted_fft/val/Beethoven/2614_0.png,Beethoven
77,/content/drive/.shortcut-targets-by-id/15qa4hIChQXkeQYo-au1j2OlepLD5nVxo/Newer_correct_cqt_fft_stft/splitted_fft/val/Beethoven/2614_1.png,Beethoven
78,/content/drive/.shortcut-targets-by-id/15qa4hIChQXkeQYo-au1j2OlepLD5nVxo/Newer_correct_cqt_fft_stft/splitted_fft/val/Beethoven/2614_10.png,Beethoven
79,/content/drive/.shortcut-targets-by-id/15qa4hIChQXkeQYo-au1j2OlepLD5nVxo/Newer_correct_cqt_fft_stft/splitted_fft/val/Beethoven/2614_11.png,Beethoven
80,/content/drive/.shortcut-targets-by-id/15qa4hIChQXkeQYo-au1j2OlepLD5nVxo/Newer_correct_cqt_fft_stft/splitted_fft/val/Beethoven/2614_12.png,Beethoven
81,/content/drive/.shortcut-targets-by-id/15qa4hIChQXkeQYo-au1j2OlepLD5nVxo/Newer_correct_cqt_fft_stft/splitted_fft/val/Beethoven/2614_13.png,Beethoven
82,/content/drive/.shortcut-targets-by-id/15qa4hIChQXkeQYo-au1j2OlepLD5nVxo/Newer_correct_cqt_fft_stft/splitted_fft/val/Beethoven/2614_14.png,Beethoven
83,/content/drive/.shortcut-targets-by-id/15qa4hIChQXkeQYo-au1j2OlepLD5nVxo/Newer_correct_cqt_fft_stft/splitted_fft/val/Beethoven/2614_15.png,Beethoven
84,/content/drive/.shortcut-targets-by-id/15qa4hIChQXkeQYo-au1j2OlepLD5nVxo/Newer_correct_cqt_fft_stft/splitted_fft/val/Beethoven/2614_16.png,Beethoven
85,/content/drive/.shortcut-targets-by-id/15qa4hIChQXkeQYo-au1j2OlepLD5nVxo/Newer_correct_cqt_fft_stft/splitted_fft/val/Beethoven/2614_17.png,Beethoven
86,/content/drive/.shortcut-targets-by-id/15qa4hIChQXkeQYo-au1j2OlepLD5nVxo/Newer_correct_cqt_fft_stft/splitted_fft/val/Beethoven/2614_18.png,Beethoven
87,/content/drive/.shortcut-targets-by-id/15qa4hIChQXkeQYo-au1j2OlepLD5nVxo/Newer_correct_cqt_fft_stft/splitted_fft/val/Beethoven/2614_19.png,Beethoven
88,/content/drive/.shortcut-targets-by-id/15qa4hIChQXkeQYo-au1j2OlepLD5nVxo/Newer_correct_cqt_fft_stft/splitted_fft/val/Beethoven/2614_2.png,Beethoven
89,/content/drive/.shortcut-targets-by-id/15qa4hIChQXkeQYo-au1j2OlepLD5nVxo/Newer_correct_cqt_fft_stft/splitted_fft/val/Beethoven/2614_20.png,Beethoven
90,/content/drive/.shortcut-targets-by-id/15qa4hIChQXkeQYo-au1j2OlepLD5nVxo/Newer_correct_cqt_fft_stft/splitted_fft/val/Beethoven/2614_3.png,Beethoven
91,/content/drive/.shortcut-targets-by-id/15qa4hIChQXkeQYo-au1j2OlepLD5nVxo/Newer_correct_cqt_fft_stft/splitted_fft/val/Beethoven/2614_4.png,Beethoven
92,/content/drive/.shortcut-targets-by-id/15qa4hIChQXkeQYo-au1j2OlepLD5nVxo/Newer_correct_cqt_fft_stft/splitted_fft/val/Beethoven/2614_5.png,Beethoven
93,/content/drive/.shortcut-targets-by-id/15qa4hIChQXkeQYo-au1j2OlepLD5nVxo/Newer_correct_cqt_fft_stft/splitted_fft/val/Beethoven/2614_6.png,Beethoven
94,/content/drive/.shortcut-targets-by-id/15qa4hIChQXkeQYo-au1j2OlepLD5nVxo/Newer_correct_cqt_fft_stft/splitted_fft/val/Beethoven/2614_7.png,Beethoven
95,/content/drive/.shortcut-targets-by-id/15qa4hIChQXkeQYo-au1j2OlepLD5nVxo/Newer_correct_cqt_fft_stft/splitted_fft/val/Beethoven/2614_8.png,Beethoven
96,/content/drive/.shortcut-targets-by-id/15qa4hIChQXkeQYo-au1j2OlepLD5nVxo/Newer_correct_cqt_fft_stft/splitted_fft/val/Beethoven/2614_9.png,Beethoven
97,/content/drive/.shortcut-targets-by-id/15qa4hIChQXkeQYo-au1j2OlepLD5nVxo/Newer_correct_cqt_fft_stft/splitted_fft/val/Beethoven/2618_0.png,Beethoven
98,/content/drive/.shortcut-targets-by-id/15qa4hIChQXkeQYo-au1j2OlepLD5nVxo/Newer_correct_cqt_fft_stft/splitted_fft/val/Beethoven/2618_1.png,Beethoven
99,/content/drive/.shortcut-targets-by-id/15qa4hIChQXkeQYo-au1j2OlepLD5nVxo/Newer_correct_cqt_fft_stft/splitted_fft/val/Beethoven/2618_10.png,Beethoven
100,/content/drive/.shortcut-targets-by-id/15qa4hIChQXkeQYo-au1j2OlepLD5nVxo/Newer_correct_cqt_fft_stft/splitted_fft/val/Beethoven/2618_11.png,Beethoven
101,/content/drive/.shortcut-targets-by-id/15qa4hIChQXkeQYo-au1j2OlepLD5nVxo/Newer_correct_cqt_fft_stft/splitted_fft/val/Beethoven/2618_2.png,Beethoven
102,/content/drive/.shortcut-targets-by-id/15qa4hIChQXkeQYo-au1j2OlepLD5nVxo/Newer_correct_cqt_fft_stft/splitted_fft/val/Beethoven/2618_3.png,Beethoven
103,/content/drive/.shortcut-targets-by-id/15qa4hIChQXkeQYo-au1j2OlepLD5nVxo/Newer_correct_cqt_fft_stft/splitted_fft/val/Beethoven/2618_4.png,Beethoven
104,/content/drive/.shortcut-targets-by-id/15qa4hIChQXkeQYo-au1j2OlepLD5nVxo/Newer_correct_cqt_fft_stft/splitted_fft/val/Beethoven/2618_5.png,Beethoven
105,/content/drive/.shortcut-targets-by-id/15qa4hIChQXkeQYo-au1j2OlepLD5nVxo/Newer_correct_cqt_fft_stft/splitted_fft/val/Beethoven/2618_6.png,Beethoven
106,/content/drive/.shortcut-targets-by-id/15qa4hIChQXkeQYo-au1j2OlepLD5nVxo/Newer_correct_cqt_fft_stft/splitted_fft/val/Beethoven/2618_7.png,Beethoven
107,/content/drive/.shortcut-targets-by-id/15qa4hIChQXkeQYo-au1j2OlepLD5nVxo/Newer_correct_cqt_fft_stft/splitted_fft/val/Beethoven/2618_8.png,Beethoven
108,/content/drive/.shortcut-targets-by-id/15qa4hIChQXkeQYo-au1j2OlepLD5nVxo/Newer_correct_cqt_fft_stft/splitted_fft/val/Beethoven/2618_9.png,Beethoven
109,/content/drive/.shortcut-targets-by-id/15qa4hIChQXkeQYo-au1j2OlepLD5nVxo/Newer_correct_cqt_fft_stft/splitted_fft/val/Beethoven/2619_0.png,Beethoven
110,/content/drive/.shortcut-targets-by-id/15qa4hIChQXkeQYo-au1j2OlepLD5nVxo/Newer_correct_cqt_fft_stft/splitted_fft/val/Beethoven/2619_1.png,Beethoven
111,/content/drive/.shortcut-targets-by-id/15qa4hIChQXkeQYo-au1j2OlepLD5nVxo/Newer_correct_cqt_fft_stft/splitted_fft/val/Beethoven/2619_2.png,Beethoven
112,/content/drive/.shortcut-targets-by-id/15qa4hIChQXkeQYo-au1j2OlepLD5nVxo/Newer_correct_cqt_fft_stft/splitted_fft/val/Beethoven/2619_3.png,Beethoven
113,/content/drive/.shortcut-targets-by-id/15qa4hIChQXkeQYo-au1j2OlepLD5nVxo/Newer_correct_cqt_fft_stft/splitted_fft/val/Beethoven/2619_4.png,Beethoven
114,/content/drive/.shortcut-targets-by-id/15qa4hIChQXkeQYo-au1j2OlepLD5nVxo/Newer_correct_cqt_fft_stft/splitted_fft/val/Beethoven/2619_5.png,Beethoven
115,/content/drive/.shortcut-targets-by-id/15qa4hIChQXkeQYo-au1j2OlepLD5nVxo/Newer_correct_cqt_fft_stft/splitted_fft/val/Beethoven/2619_6.png,Beethoven
116,/content/drive/.shortcut-targets-by-id/15qa4hIChQXkeQYo-au1j2OlepLD5nVxo/Newer_correct_cqt_fft_stft/splitted_fft/val/Beethoven/2620_0.png,Beethoven
117,/content/drive/.shortcut-targets-by-id/15qa4hIChQXkeQYo-au1j2OlepLD5nVxo/Newer_correct_cqt_fft_stft/splitted_fft/val/Beethoven/2620_1.png,Beethoven
118,/content/drive/.shortcut-targets-by-id/15qa4hIChQXkeQYo-au1j2OlepLD5nVxo/Newer_correct_cqt_fft_stft/splitted_fft/val/Beethoven/2620_2.png,Beethoven
119,/content/drive/.shortcut-targets-by-id/15qa4hIChQXkeQYo-au1j2OlepLD5nVxo/Newer_correct_cqt_fft_stft/splitted_fft/val/Beethoven/2620_3.png,Beethoven
120,/content/drive/.shortcut-targets-by-id/15qa4hIChQXkeQYo-au1j2OlepLD5nVxo/Newer_correct_cqt_fft_stft/splitted_fft/val/Beethoven/2620_4.png,Beethoven
121,/content/drive/.shortcut-targets-by-id/15qa4hIChQXkeQYo-au1j2OlepLD5nVxo/Newer_correct_cqt_fft_stft/splitted_fft/val/Beethoven/2621_0.png,Beethoven
122,/content/drive/.shortcut-targets-by-id/15qa4hIChQXkeQYo-au1j2OlepLD5nVxo/Newer_correct_cqt_fft_stft/splitted_fft/val/Beethoven/2621_1.png,Beethoven
123,/content/drive/.shortcut-targets-by-id/15qa4hIChQXkeQYo-au1j2OlepLD5nVxo/Newer_correct_cqt_fft_stft/splitted_fft/val/Beethoven/2621_10.png,Beethoven
124,/content/drive/.shortcut-targets-by-id/15qa4hIChQXkeQYo-au1j2OlepLD5nVxo/Newer_correct_cqt_fft_stft/splitted_fft/val/Beethoven/2621_11.png,Beethoven
125,/content/drive/.shortcut-targets-by-id/15qa4hIChQXkeQYo-au1j2OlepLD5nVxo/Newer_correct_cqt_fft_stft/splitted_fft/val/Beethoven/2621_12.png,Beethoven
126,/content/drive/.shortcut-targets-by-id/15qa4hIChQXkeQYo-au1j2OlepLD5nVxo/Newer_correct_cqt_fft_stft/splitted_fft/val/Beethoven/2621_13.png,Beethoven
127,/content/drive/.shortcut-targets-by-id/15qa4hIChQXkeQYo-au1j2OlepLD5nVxo/Newer_correct_cqt_fft_stft/splitted_fft/val/Beethoven/2621_14.png,Beethoven
128,/content/drive/.shortcut-targets-by-id/15qa4hIChQXkeQYo-au1j2OlepLD5nVxo/Newer_correct_cqt_fft_stft/splitted_fft/val/Beethoven/2621_15.png,Beethoven
129,/content/drive/.shortcut-targets-by-id/15qa4hIChQXkeQYo-au1j2OlepLD5nVxo/Newer_correct_cqt_fft_stft/splitted_fft/val/Beethoven/2621_16.png,Beethoven
130,/content/drive/.shortcut-targets-by-id/15qa4hIChQXkeQYo-au1j2OlepLD5nVxo/Newer_correct_cqt_fft_stft/splitted_fft/val/Beethoven/2621_17.png,Beethoven
131,/content/drive/.shortcut-targets-by-id/15qa4hIChQXkeQYo-au1j2OlepLD5nVxo/Newer_correct_cqt_fft_stft/splitted_fft/val/Beethoven/2621_18.png,Beethoven
132,/content/drive/.shortcut-targets-by-id/15qa4hIChQXkeQYo-au1j2OlepLD5nVxo/Newer_correct_cqt_fft_stft/splitted_fft/val/Beethoven/2621_19.png,Beethoven
133,/content/drive/.shortcut-targets-by-id/15qa4hIChQXkeQYo-au1j2OlepLD5nVxo/Newer_correct_cqt_fft_stft/splitted_fft/val/Beethoven/2621_2.png,Beethoven
134,/content/drive/.shortcut-targets-by-id/15qa4hIChQXkeQYo-au1j2OlepLD5nVxo/Newer_correct_cqt_fft_stft/splitted_fft/val/Beethoven/2621_20.png,Beethoven
135,/content/drive/.shortcut-targets-by-id/15qa4hIChQXkeQYo-au1j2OlepLD5nVxo/Newer_correct_cqt_fft_stft/splitted_fft/val/Beethoven/2621_3.png,Beethoven
136,/content/drive/.shortcut-targets-by-id/15qa4hIChQXkeQYo-au1j2OlepLD5nVxo/Newer_correct_cqt_fft_stft/splitted_fft/val/Beethoven/2621_4.png,Beethoven
137,/content/drive/.shortcut-targets-by-id/15qa4hIChQXkeQYo-au1j2OlepLD5nVxo/Newer_correct_cqt_fft_stft/splitted_fft/val/Beethoven/2621_5.png,Beethoven
138,/content/drive/.shortcut-targets-by-id/15qa4hIChQXkeQYo-au1j2OlepLD5nVxo/Newer_correct_cqt_fft_stft/splitted_fft/val/Beethoven/2621_6.png,Beethoven
139,/content/drive/.shortcut-targets-by-id/15qa4hIChQXkeQYo-au1j2OlepLD5nVxo/Newer_correct_cqt_fft_stft/splitted_fft/val/Beethoven/2621_7.png,Beethoven
140,/content/drive/.shortcut-targets-by-id/15qa4hIChQXkeQYo-au1j2OlepLD5nVxo/Newer_correct_cqt_fft_stft/splitted_fft/val/Beethoven/2621_8.png,Beethoven
141,/content/drive/.shortcut-targets-by-id/15qa4hIChQXkeQYo-au1j2OlepLD5nVxo/Newer_correct_cqt_fft_stft/splitted_fft/val/Beethoven/2621_9.png,Beethoven
142,/content/drive/.shortcut-targets-by-id/15qa4hIChQXkeQYo-au1j2OlepLD5nVxo/Newer_correct_cqt_fft_stft/splitted_fft/val/Beethoven/2622_0.png,Beethoven
143,/content/drive/.shortcut-targets-by-id/15qa4hIChQXkeQYo-au1j2OlepLD5nVxo/Newer_correct_cqt_fft_stft/splitted_fft/val/Beethoven/2622_1.png,Beethoven
144,/content/drive/.shortcut-targets-by-id/15qa4hIChQXkeQYo-au1j2OlepLD5nVxo/Newer_correct_cqt_fft_stft/splitted_fft/val/Beethoven/2622_10.png,Beethoven
145,/content/drive/.shortcut-targets-by-id/15qa4hIChQXkeQYo-au1j2OlepLD5nVxo/Newer_correct_cqt_fft_stft/splitted_fft/val/Beethoven/2622_11.png,Beethoven
146,/content/drive/.shortcut-targets-by-id/15qa4hIChQXkeQYo-au1j2OlepLD5nVxo/Newer_correct_cqt_fft_stft/splitted_fft/val/Beethoven/2622_12.png,Beethoven
147,/content/drive/.shortcut-targets-by-id/15qa4hIChQXkeQYo-au1j2OlepLD5nVxo/Newer_correct_cqt_fft_stft/splitted_fft/val/Beethoven/2622_13.png,Beethoven
148,/content/drive/.shortcut-targets-by-id/15qa4hIChQXkeQYo-au1j2OlepLD5nVxo/Newer_correct_cqt_fft_stft/splitted_fft/val/Beethoven/2622_14.png,Beethoven
149,/content/drive/.shortcut-targets-by-id/15qa4hIChQXkeQYo-au1j2OlepLD5nVxo/Newer_correct_cqt_fft_stft/splitted_fft/val/Beethoven/2622_15.png,Beethoven
150,/content/drive/.shortcut-targets-by-id/15qa4hIChQXkeQYo-au1j2OlepLD5nVxo/Newer_correct_cqt_fft_stft/splitted_fft/val/Beethoven/2622_2.png,Beethoven
151,/content/drive/.shortcut-targets-by-id/15qa4hIChQXkeQYo-au1j2OlepLD5nVxo/Newer_correct_cqt_fft_stft/splitted_fft/val/Beethoven/2622_3.png,Beethoven
152,/content/drive/.shortcut-targets-by-id/15qa4hIChQXkeQYo-au1j2OlepLD5nVxo/Newer_correct_cqt_fft_stft/splitted_fft/val/Beethoven/2622_4.png,Beethoven
153,/content/drive/.shortcut-targets-by-id/15qa4hIChQXkeQYo-au1j2OlepLD5nVxo/Newer_correct_cqt_fft_stft/splitted_fft/val/Beethoven/2622_5.png,Beethoven
154,/content/drive/.shortcut-targets-by-id/15qa4hIChQXkeQYo-au1j2OlepLD5nVxo/Newer_correct_cqt_fft_stft/splitted_fft/val/Beethoven/2622_6.png,Beethoven
155,/content/drive/.shortcut-targets-by-id/15qa4hIChQXkeQYo-au1j2OlepLD5nVxo/Newer_correct_cqt_fft_stft/splitted_fft/val/Beethoven/2622_7.png,Beethoven
156,/content/drive/.shortcut-targets-by-id/15qa4hIChQXkeQYo-au1j2OlepLD5nVxo/Newer_correct_cqt_fft_stft/splitted_fft/val/Beethoven/2622_8.png,Beethoven
157,/content/drive/.shortcut-targets-by-id/15qa4hIChQXkeQYo-au1j2OlepLD5nVxo/Newer_correct_cqt_fft_stft/splitted_fft/val/Beethoven/2622_9.png,Beethoven
158,/content/drive/.shortcut-targets-by-id/15qa4hIChQXkeQYo-au1j2OlepLD5nVxo/Newer_correct_cqt_fft_stft/splitted_fft/val/Beethoven/2626_0.png,Beethoven
159,/content/drive/.shortcut-targets-by-id/15qa4hIChQXkeQYo-au1j2OlepLD5nVxo/Newer_correct_cqt_fft_stft/splitted_fft/val/Beethoven/2626_1.png,Beethoven
160,/content/drive/.shortcut-targets-by-id/15qa4hIChQXkeQYo-au1j2OlepLD5nVxo/Newer_correct_cqt_fft_stft/splitted_fft/val/Beethoven/2626_10.png,Beethoven
161,/content/drive/.shortcut-targets-by-id/15qa4hIChQXkeQYo-au1j2OlepLD5nVxo/Newer_correct_cqt_fft_stft/splitted_fft/val/Beethoven/2626_11.png,Beethoven
162,/content/drive/.shortcut-targets-by-id/15qa4hIChQXkeQYo-au1j2OlepLD5nVxo/Newer_correct_cqt_fft_stft/splitted_fft/val/Beethoven/2626_12.png,Beethoven
163,/content/drive/.shortcut-targets-by-id/15qa4hIChQXkeQYo-au1j2OlepLD5nVxo/Newer_correct_cqt_fft_stft/splitted_fft/val/Beethoven/2626_13.png,Beethoven
164,/content/drive/.shortcut-targets-by-id/15qa4hIChQXkeQYo-au1j2OlepLD5nVxo/Newer_correct_cqt_fft_stft/splitted_fft/val/Beethoven/2626_14.png,Beethoven
165,/content/drive/.shortcut-targets-by-id/15qa4hIChQXkeQYo-au1j2OlepLD5nVxo/Newer_correct_cqt_fft_stft/splitted_fft/val/Beethoven/2626_15.png,Beethoven
166,/content/drive/.shortcut-targets-by-id/15qa4hIChQXkeQYo-au1j2OlepLD5nVxo/Newer_correct_cqt_fft_stft/splitted_fft/val/Beethoven/2626_16.png,Beethoven
167,/content/drive/.shortcut-targets-by-id/15qa4hIChQXkeQYo-au1j2OlepLD5nVxo/Newer_correct_cqt_fft_stft/splitted_fft/val/Beethoven/2626_17.png,Beethoven
168,/content/drive/.shortcut-targets-by-id/15qa4hIChQXkeQYo-au1j2OlepLD5nVxo/Newer_correct_cqt_fft_stft/splitted_fft/val/Beethoven/2626_18.png,Beethoven
169,/content/drive/.shortcut-targets-by-id/15qa4hIChQXkeQYo-au1j2OlepLD5nVxo/Newer_correct_cqt_fft_stft/splitted_fft/val/Beethoven/2626_2.png,Beethoven
170,/content/drive/.shortcut-targets-by-id/15qa4hIChQXkeQYo-au1j2OlepLD5nVxo/Newer_correct_cqt_fft_stft/splitted_fft/val/Beethoven/2626_3.png,Beethoven
171,/content/drive/.shortcut-targets-by-id/15qa4hIChQXkeQYo-au1j2OlepLD5nVxo/Newer_correct_cqt_fft_stft/splitted_fft/val/Beethoven/2626_4.png,Beethoven
172,/content/drive/.shortcut-targets-by-id/15qa4hIChQXkeQYo-au1j2OlepLD5nVxo/Newer_correct_cqt_fft_stft/splitted_fft/val/Beethoven/2626_5.png,Beethoven
173,/content/drive/.shortcut-targets-by-id/15qa4hIChQXkeQYo-au1j2OlepLD5nVxo/Newer_correct_cqt_fft_stft/splitted_fft/val/Beethoven/2626_6.png,Beethoven
174,/content/drive/.shortcut-targets-by-id/15qa4hIChQXkeQYo-au1j2OlepLD5nVxo/Newer_correct_cqt_fft_stft/splitted_fft/val/Beethoven/2626_7.png,Beethoven
175,/content/drive/.shortcut-targets-by-id/15qa4hIChQXkeQYo-au1j2OlepLD5nVxo/Newer_correct_cqt_fft_stft/splitted_fft/val/Beethoven/2626_8.png,Beethoven
176,/content/drive/.shortcut-targets-by-id/15qa4hIChQXkeQYo-au1j2OlepLD5nVxo/Newer_correct_cqt_fft_stft/splitted_fft/val/Beethoven/2626_9.png,Beethoven
177,/content/drive/.shortcut-targets-by-id/15qa4hIChQXkeQYo-au1j2OlepLD5nVxo/Newer_correct_cqt_fft_stft/splitted_fft/val/Beethoven/2627_0.png,Beethoven
178,/content/drive/.shortcut-targets-by-id/15qa4hIChQXkeQYo-au1j2OlepLD5nVxo/Newer_correct_cqt_fft_stft/splitted_fft/val/Beethoven/2627_1.png,Beethoven
179,/content/drive/.shortcut-targets-by-id/15qa4hIChQXkeQYo-au1j2OlepLD5nVxo/Newer_correct_cqt_fft_stft/splitted_fft/val/Beethoven/2627_2.png,Beethoven
180,/content/drive/.shortcut-targets-by-id/15qa4hIChQXkeQYo-au1j2OlepLD5nVxo/Newer_correct_cqt_fft_stft/splitted_fft/val/Beethoven/2627_3.png,Beethoven
181,/content/drive/.shortcut-targets-by-id/15qa4hIChQXkeQYo-au1j2OlepLD5nVxo/Newer_correct_cqt_fft_stft/splitted_fft/val/Beethoven/2627_4.png,Beethoven
182,/content/drive/.shortcut-targets-by-id/15qa4hIChQXkeQYo-au1j2OlepLD5nVxo/Newer_correct_cqt_fft_stft/splitted_fft/val/Beethoven/2627_5.png,Beethoven
183,/content/drive/.shortcut-targets-by-id/15qa4hIChQXkeQYo-au1j2OlepLD5nVxo/Newer_correct_cqt_fft_stft/splitted_fft/val/Beethoven/2627_6.png,Beethoven
184,/content/drive/.shortcut-targets-by-id/15qa4hIChQXkeQYo-au1j2OlepLD5nVxo/Newer_correct_cqt_fft_stft/splitted_fft/val/Beethoven/2627_7.png,Beethoven
185,/content/drive/.shortcut-targets-by-id/15qa4hIChQXkeQYo-au1j2OlepLD5nVxo/Newer_correct_cqt_fft_stft/splitted_fft/val/Beethoven/2627_8.png,Beethoven
186,/content/drive/.shortcut-targets-by-id/15qa4hIChQXkeQYo-au1j2OlepLD5nVxo/Newer_correct_cqt_fft_stft/splitted_fft/val/Beethoven/2627_9.png,Beethoven
187,/content/drive/.shortcut-targets-by-id/15qa4hIChQXkeQYo-au1j2OlepLD5nVxo/Newer_correct_cqt_fft_stft/splitted_fft/val/Beethoven/2629_0.png,Beethoven
188,/content/drive/.shortcut-targets-by-id/15qa4hIChQXkeQYo-au1j2OlepLD5nVxo/Newer_correct_cqt_fft_stft/splitted_fft/val/Beethoven/2629_1.png,Beethoven
189,/content/drive/.shortcut-targets-by-id/15qa4hIChQXkeQYo-au1j2OlepLD5nVxo/Newer_correct_cqt_fft_stft/splitted_fft/val/Beethoven/2629_10.png,Beethoven
190,/content/drive/.shortcut-targets-by-id/15qa4hIChQXkeQYo-au1j2OlepLD5nVxo/Newer_correct_cqt_fft_stft/splitted_fft/val/Beethoven/2629_11.png,Beethoven
191,/content/drive/.shortcut-targets-by-id/15qa4hIChQXkeQYo-au1j2OlepLD5nVxo/Newer_correct_cqt_fft_stft/splitted_fft/val/Beethoven/2629_12.png,Beethoven
192,/content/drive/.shortcut-targets-by-id/15qa4hIChQXkeQYo-au1j2OlepLD5nVxo/Newer_correct_cqt_fft_stft/splitted_fft/val/Beethoven/2629_13.png,Beethoven
193,/content/drive/.shortcut-targets-by-id/15qa4hIChQXkeQYo-au1j2OlepLD5nVxo/Newer_correct_cqt_fft_stft/splitted_fft/val/Beethoven/2629_14.png,Beethoven
194,/content/drive/.shortcut-targets-by-id/15qa4hIChQXkeQYo-au1j2OlepLD5nVxo/Newer_correct_cqt_fft_stft/splitted_fft/val/Beethoven/2629_15.png,Beethoven
195,/content/drive/.shortcut-targets-by-id/15qa4hIChQXkeQYo-au1j2OlepLD5nVxo/Newer_correct_cqt_fft_stft/splitted_fft/val/Beethoven/2629_16.png,Beethoven
196,/content/drive/.shortcut-targets-by-id/15qa4hIChQXkeQYo-au1j2OlepLD5nVxo/Newer_correct_cqt_fft_stft/splitted_fft/val/Beethoven/2629_2.png,Beethoven
197,/content/drive/.shortcut-targets-by-id/15qa4hIChQXkeQYo-au1j2OlepLD5nVxo/Newer_correct_cqt_fft_stft/splitted_fft/val/Beethoven/2629_3.png,Beethoven
198,/content/drive/.shortcut-targets-by-id/15qa4hIChQXkeQYo-au1j2OlepLD5nVxo/Newer_correct_cqt_fft_stft/splitted_fft/val/Beethoven/2629_4.png,Beethoven
199,/content/drive/.shortcut-targets-by-id/15qa4hIChQXkeQYo-au1j2OlepLD5nVxo/Newer_correct_cqt_fft_stft/splitted_fft/val/Beethoven/2629_5.png,Beethoven
200,/content/drive/.shortcut-targets-by-id/15qa4hIChQXkeQYo-au1j2OlepLD5nVxo/Newer_correct_cqt_fft_stft/splitted_fft/val/Beethoven/2629_6.png,Beethoven
201,/content/drive/.shortcut-targets-by-id/15qa4hIChQXkeQYo-au1j2OlepLD5nVxo/Newer_correct_cqt_fft_stft/splitted_fft/val/Beethoven/2629_7.png,Beethoven
202,/content/drive/.shortcut-targets-by-id/15qa4hIChQXkeQYo-au1j2OlepLD5nVxo/Newer_correct_cqt_fft_stft/splitted_fft/val/Beethoven/2629_8.png,Beethoven
203,/content/drive/.shortcut-targets-by-id/15qa4hIChQXkeQYo-au1j2OlepLD5nVxo/Newer_correct_cqt_fft_stft/splitted_fft/val/Beethoven/2629_9.png,Beethoven
204,/content/drive/.shortcut-targets-by-id/15qa4hIChQXkeQYo-au1j2OlepLD5nVxo/Newer_correct_cqt_fft_stft/splitted_fft/val/Beethoven/2632_0.png,Beethoven
205,/content/drive/.shortcut-targets-by-id/15qa4hIChQXkeQYo-au1j2OlepLD5nVxo/Newer_correct_cqt_fft_stft/splitted_fft/val/Beethoven/2632_1.png,Beethoven
206,/content/drive/.shortcut-targets-by-id/15qa4hIChQXkeQYo-au1j2OlepLD5nVxo/Newer_correct_cqt_fft_stft/splitted_fft/val/Beethoven/2632_10.png,Beethoven
207,/content/drive/.shortcut-targets-by-id/15qa4hIChQXkeQYo-au1j2OlepLD5nVxo/Newer_correct_cqt_fft_stft/splitted_fft/val/Beethoven/2632_2.png,Beethoven
208,/content/drive/.shortcut-targets-by-id/15qa4hIChQXkeQYo-au1j2OlepLD5nVxo/Newer_correct_cqt_fft_stft/splitted_fft/val/Beethoven/2632_3.png,Beethoven
209,/content/drive/.shortcut-targets-by-id/15qa4hIChQXkeQYo-au1j2OlepLD5nVxo/Newer_correct_cqt_fft_stft/splitted_fft/val/Beethoven/2632_4.png,Beethoven
210,/content/drive/.shortcut-targets-by-id/15qa4hIChQXkeQYo-au1j2OlepLD5nVxo/Newer_correct_cqt_fft_stft/splitted_fft/val/Beethoven/2632_5.png,Beethoven
211,/content/drive/.shortcut-targets-by-id/15qa4hIChQXkeQYo-au1j2OlepLD5nVxo/Newer_correct_cqt_fft_stft/splitted_fft/val/Beethoven/2632_6.png,Beethoven
212,/content/drive/.shortcut-targets-by-id/15qa4hIChQXkeQYo-au1j2OlepLD5nVxo/Newer_correct_cqt_fft_stft/splitted_fft/val/Beethoven/2632_7.png,Beethoven
213,/content/drive/.shortcut-targets-by-id/15qa4hIChQXkeQYo-au1j2OlepLD5nVxo/Newer_correct_cqt_fft_stft/splitted_fft/val/Beethoven/2632_8.png,Beethoven
214,/content/drive/.shortcut-targets-by-id/15qa4hIChQXkeQYo-au1j2OlepLD5nVxo/Newer_correct_cqt_fft_stft/splitted_fft/val/Beethoven/2632_9.png,Beethoven
215,/content/drive/.shortcut-targets-by-id/15qa4hIChQXkeQYo-au1j2OlepLD5nVxo/Newer_correct_cqt_fft_stft/splitted_fft/val/Beethoven/2633_0.png,Beethoven
216,/content/drive/.shortcut-targets-by-id/15qa4hIChQXkeQYo-au1j2OlepLD5nVxo/Newer_correct_cqt_fft_stft/splitted_fft/val/Beethoven/2633_1.png,Beethoven
217,/content/drive/.shortcut-targets-by-id/15qa4hIChQXkeQYo-au1j2OlepLD5nVxo/Newer_correct_cqt_fft_stft/splitted_fft/val/Beethoven/2633_2.png,Beethoven
218,/content/drive/.shortcut-targets-by-id/15qa4hIChQXkeQYo-au1j2OlepLD5nVxo/Newer_correct_cqt_fft_stft/splitted_fft/val/Beethoven/2633_3.png,Beethoven
219,/content/drive/.shortcut-targets-by-id/15qa4hIChQXkeQYo-au1j2OlepLD5nVxo/Newer_correct_cqt_fft_stft/splitted_fft/val/Beethoven/2633_4.png,Beethoven
220,/content/drive/.shortcut-targets-by-id/15qa4hIChQXkeQYo-au1j2OlepLD5nVxo/Newer_correct_cqt_fft_stft/splitted_fft/val/Beethoven/2633_5.png,Beethoven
221,/content/drive/.shortcut-targets-by-id/15qa4hIChQXkeQYo-au1j2OlepLD5nVxo/Newer_correct_cqt_fft_stft/splitted_fft/val/Beethoven/2633_6.png,Beethoven
222,/content/drive/.shortcut-targets-by-id/15qa4hIChQXkeQYo-au1j2OlepLD5nVxo/Newer_correct_cqt_fft_stft/splitted_fft/val/Beethoven/2677_0.png,Beethoven
223,/content/drive/.shortcut-targets-by-id/15qa4hIChQXkeQYo-au1j2OlepLD5nVxo/Newer_correct_cqt_fft_stft/splitted_fft/val/Beethoven/2677_1.png,Beethoven
224,/content/drive/.shortcut-targets-by-id/15qa4hIChQXkeQYo-au1j2OlepLD5nVxo/Newer_correct_cqt_fft_stft/splitted_fft/val/Beethoven/2677_10.png,Beethoven
225,/content/drive/.shortcut-targets-by-id/15qa4hIChQXkeQYo-au1j2OlepLD5nVxo/Newer_correct_cqt_fft_stft/splitted_fft/val/Beethoven/2677_11.png,Beethoven
226,/content/drive/.shortcut-targets-by-id/15qa4hIChQXkeQYo-au1j2OlepLD5nVxo/Newer_correct_cqt_fft_stft/splitted_fft/val/Beethoven/2677_12.png,Beethoven
227,/content/drive/.shortcut-targets-by-id/15qa4hIChQXkeQYo-au1j2OlepLD5nVxo/Newer_correct_cqt_fft_stft/splitted_fft/val/Beethoven/2677_13.png,Beethoven
228,/content/drive/.shortcut-targets-by-id/15qa4hIChQXkeQYo-au1j2OlepLD5nVxo/Newer_correct_cqt_fft_stft/splitted_fft/val/Beethoven/2677_2.png,Beethoven
229,/content/drive/.shortcut-targets-by-id/15qa4hIChQXkeQYo-au1j2OlepLD5nVxo/Newer_correct_cqt_fft_stft/splitted_fft/val/Beethoven/2677_3.png,Beethoven
230,/content/drive/.shortcut-targets-by-id/15qa4hIChQXkeQYo-au1j2OlepLD5nVxo/Newer_correct_cqt_fft_stft/splitted_fft/val/Beethoven/2677_4.png,Beethoven
231,/content/drive/.shortcut-targets-by-id/15qa4hIChQXkeQYo-au1j2OlepLD5nVxo/Newer_correct_cqt_fft_stft/splitted_fft/val/Beethoven/2677_5.png,Beethoven
232,/content/drive/.shortcut-targets-by-id/15qa4hIChQXkeQYo-au1j2OlepLD5nVxo/Newer_correct_cqt_fft_stft/splitted_fft/val/Beethoven/2677_6.png,Beethoven
233,/content/drive/.shortcut-targets-by-id/15qa4hIChQXkeQYo-au1j2OlepLD5nVxo/Newer_correct_cqt_fft_stft/splitted_fft/val/Beethoven/2677_7.png,Beethoven
234,/content/drive/.shortcut-targets-by-id/15qa4hIChQXkeQYo-au1j2OlepLD5nVxo/Newer_correct_cqt_fft_stft/splitted_fft/val/Beethoven/2677_8.png,Beethoven
235,/content/drive/.shortcut-targets-by-id/15qa4hIChQXkeQYo-au1j2OlepLD5nVxo/Newer_correct_cqt_fft_stft/splitted_fft/val/Beethoven/2677_9.png,Beethoven
236,/content/drive/.shortcut-targets-by-id/15qa4hIChQXkeQYo-au1j2OlepLD5nVxo/Newer_correct_cqt_fft_stft/splitted_fft/val/Beethoven/2678_0.png,Beethoven
237,/content/drive/.shortcut-targets-by-id/15qa4hIChQXkeQYo-au1j2OlepLD5nVxo/Newer_correct_cqt_fft_stft/splitted_fft/val/Beethoven/2678_1.png,Beethoven
238,/content/drive/.shortcut-targets-by-id/15qa4hIChQXkeQYo-au1j2OlepLD5nVxo/Newer_correct_cqt_fft_stft/splitted_fft/val/Beethoven/2678_10.png,Beethoven
239,/content/drive/.shortcut-targets-by-id/15qa4hIChQXkeQYo-au1j2OlepLD5nVxo/Newer_correct_cqt_fft_stft/splitted_fft/val/Beethoven/2678_11.png,Beethoven
240,/content/drive/.shortcut-targets-by-id/15qa4hIChQXkeQYo-au1j2OlepLD5nVxo/Newer_correct_cqt_fft_stft/splitted_fft/val/Beethoven/2678_12.png,Beethoven
241,/content/drive/.shortcut-targets-by-id/15qa4hIChQXkeQYo-au1j2OlepLD5nVxo/Newer_correct_cqt_fft_stft/splitted_fft/val/Beethoven/2678_13.png,Beethoven
242,/content/drive/.shortcut-targets-by-id/15qa4hIChQXkeQYo-au1j2OlepLD5nVxo/Newer_correct_cqt_fft_stft/splitted_fft/val/Beethoven/2678_14.png,Beethoven
243,/content/drive/.shortcut-targets-by-id/15qa4hIChQXkeQYo-au1j2OlepLD5nVxo/Newer_correct_cqt_fft_stft/splitted_fft/val/Beethoven/2678_2.png,Beethoven
244,/content/drive/.shortcut-targets-by-id/15qa4hIChQXkeQYo-au1j2OlepLD5nVxo/Newer_correct_cqt_fft_stft/splitted_fft/val/Beethoven/2678_3.png,Beethoven
245,/content/drive/.shortcut-targets-by-id/15qa4hIChQXkeQYo-au1j2OlepLD5nVxo/Newer_correct_cqt_fft_stft/splitted_fft/val/Beethoven/2678_4.png,Beethoven
246,/content/drive/.shortcut-targets-by-id/15qa4hIChQXkeQYo-au1j2OlepLD5nVxo/Newer_correct_cqt_fft_stft/splitted_fft/val/Beethoven/2678_5.png,Beethoven
247,/content/drive/.shortcut-targets-by-id/15qa4hIChQXkeQYo-au1j2OlepLD5nVxo/Newer_correct_cqt_fft_stft/splitted_fft/val/Beethoven/2678_6.png,Beethoven
248,/content/drive/.shortcut-targets-by-id/15qa4hIChQXkeQYo-au1j2OlepLD5nVxo/Newer_correct_cqt_fft_stft/splitted_fft/val/Beethoven/2678_7.png,Beethoven
249,/content/drive/.shortcut-targets-by-id/15qa4hIChQXkeQYo-au1j2OlepLD5nVxo/Newer_correct_cqt_fft_stft/splitted_fft/val/Beethoven/2678_8.png,Beethoven
250,/content/drive/.shortcut-targets-by-id/15qa4hIChQXkeQYo-au1j2OlepLD5nVxo/Newer_correct_cqt_fft_stft/splitted_fft/val/Beethoven/2678_9.png,Beethoven
251,/content/drive/.shortcut-targets-by-id/15qa4hIChQXkeQYo-au1j2OlepLD5nVxo/Newer_correct_cqt_fft_stft/splitted_fft/val/Brahms/2159_0.png,Brahms
252,/content/drive/.shortcut-targets-by-id/15qa4hIChQXkeQYo-au1j2OlepLD5nVxo/Newer_correct_cqt_fft_stft/splitted_fft/val/Brahms/2159_1.png,Brahms
253,/content/drive/.shortcut-targets-by-id/15qa4hIChQXkeQYo-au1j2OlepLD5nVxo/Newer_correct_cqt_fft_stft/splitted_fft/val/Brahms/2159_10.png,Brahms
254,/content/drive/.shortcut-targets-by-id/15qa4hIChQXkeQYo-au1j2OlepLD5nVxo/Newer_correct_cqt_fft_stft/splitted_fft/val/Brahms/2159_11.png,Brahms
255,/content/drive/.shortcut-targets-by-id/15qa4hIChQXkeQYo-au1j2OlepLD5nVxo/Newer_correct_cqt_fft_stft/splitted_fft/val/Brahms/2159_12.png,Beethoven
256,/content/drive/.shortcut-targets-by-id/15qa4hIChQXkeQYo-au1j2OlepLD5nVxo/Newer_correct_cqt_fft_stft/splitted_fft/val/Brahms/2159_13.png,Faure
257,/content/drive/.shortcut-targets-by-id/15qa4hIChQXkeQYo-au1j2OlepLD5nVxo/Newer_correct_cqt_fft_stft/splitted_fft/val/Brahms/2159_14.png,Brahms
258,/content/drive/.shortcut-targets-by-id/15qa4hIChQXkeQYo-au1j2OlepLD5nVxo/Newer_correct_cqt_fft_stft/splitted_fft/val/Brahms/2159_2.png,Beethoven
259,/content/drive/.shortcut-targets-by-id/15qa4hIChQXkeQYo-au1j2OlepLD5nVxo/Newer_correct_cqt_fft_stft/splitted_fft/val/Brahms/2159_3.png,Brahms
260,/content/drive/.shortcut-targets-by-id/15qa4hIChQXkeQYo-au1j2OlepLD5nVxo/Newer_correct_cqt_fft_stft/splitted_fft/val/Brahms/2159_4.png,Brahms
261,/content/drive/.shortcut-targets-by-id/15qa4hIChQXkeQYo-au1j2OlepLD5nVxo/Newer_correct_cqt_fft_stft/splitted_fft/val/Brahms/2159_5.png,Brahms
262,/content/drive/.shortcut-targets-by-id/15qa4hIChQXkeQYo-au1j2OlepLD5nVxo/Newer_correct_cqt_fft_stft/splitted_fft/val/Brahms/2159_6.png,Brahms
263,/content/drive/.shortcut-targets-by-id/15qa4hIChQXkeQYo-au1j2OlepLD5nVxo/Newer_correct_cqt_fft_stft/splitted_fft/val/Brahms/2159_7.png,Brahms
264,/content/drive/.shortcut-targets-by-id/15qa4hIChQXkeQYo-au1j2OlepLD5nVxo/Newer_correct_cqt_fft_stft/splitted_fft/val/Brahms/2159_8.png,Brahms
265,/content/drive/.shortcut-targets-by-id/15qa4hIChQXkeQYo-au1j2OlepLD5nVxo/Newer_correct_cqt_fft_stft/splitted_fft/val/Brahms/2159_9.png,Brahms
266,/content/drive/.shortcut-targets-by-id/15qa4hIChQXkeQYo-au1j2OlepLD5nVxo/Newer_correct_cqt_fft_stft/splitted_fft/val/Brahms/2160_0.png,Brahms
267,/content/drive/.shortcut-targets-by-id/15qa4hIChQXkeQYo-au1j2OlepLD5nVxo/Newer_correct_cqt_fft_stft/splitted_fft/val/Brahms/2160_1.png,Schubert
268,/content/drive/.shortcut-targets-by-id/15qa4hIChQXkeQYo-au1j2OlepLD5nVxo/Newer_correct_cqt_fft_stft/splitted_fft/val/Brahms/2160_10.png,Brahms
269,/content/drive/.shortcut-targets-by-id/15qa4hIChQXkeQYo-au1j2OlepLD5nVxo/Newer_correct_cqt_fft_stft/splitted_fft/val/Brahms/2160_11.png,Brahms
270,/content/drive/.shortcut-targets-by-id/15qa4hIChQXkeQYo-au1j2OlepLD5nVxo/Newer_correct_cqt_fft_stft/splitted_fft/val/Brahms/2160_12.png,Brahms
271,/content/drive/.shortcut-targets-by-id/15qa4hIChQXkeQYo-au1j2OlepLD5nVxo/Newer_correct_cqt_fft_stft/splitted_fft/val/Brahms/2160_13.png,Brahms
272,/content/drive/.shortcut-targets-by-id/15qa4hIChQXkeQYo-au1j2OlepLD5nVxo/Newer_correct_cqt_fft_stft/splitted_fft/val/Brahms/2160_2.png,Mozart
273,/content/drive/.shortcut-targets-by-id/15qa4hIChQXkeQYo-au1j2OlepLD5nVxo/Newer_correct_cqt_fft_stft/splitted_fft/val/Brahms/2160_3.png,Brahms
274,/content/drive/.shortcut-targets-by-id/15qa4hIChQXkeQYo-au1j2OlepLD5nVxo/Newer_correct_cqt_fft_stft/splitted_fft/val/Brahms/2160_4.png,Brahms
275,/content/drive/.shortcut-targets-by-id/15qa4hIChQXkeQYo-au1j2OlepLD5nVxo/Newer_correct_cqt_fft_stft/splitted_fft/val/Brahms/2160_5.png,Brahms
276,/content/drive/.shortcut-targets-by-id/15qa4hIChQXkeQYo-au1j2OlepLD5nVxo/Newer_correct_cqt_fft_stft/splitted_fft/val/Brahms/2160_6.png,Brahms
277,/content/drive/.shortcut-targets-by-id/15qa4hIChQXkeQYo-au1j2OlepLD5nVxo/Newer_correct_cqt_fft_stft/splitted_fft/val/Brahms/2160_7.png,Brahms
278,/content/drive/.shortcut-targets-by-id/15qa4hIChQXkeQYo-au1j2OlepLD5nVxo/Newer_correct_cqt_fft_stft/splitted_fft/val/Brahms/2160_8.png,Schubert
279,/content/drive/.shortcut-targets-by-id/15qa4hIChQXkeQYo-au1j2OlepLD5nVxo/Newer_correct_cqt_fft_stft/splitted_fft/val/Brahms/2160_9.png,Brahms
280,/content/drive/.shortcut-targets-by-id/15qa4hIChQXkeQYo-au1j2OlepLD5nVxo/Newer_correct_cqt_fft_stft/splitted_fft/val/Brahms/2161_0.png,Brahms
281,/content/drive/.shortcut-targets-by-id/15qa4hIChQXkeQYo-au1j2OlepLD5nVxo/Newer_correct_cqt_fft_stft/splitted_fft/val/Brahms/2161_1.png,Brahms
282,/content/drive/.shortcut-targets-by-id/15qa4hIChQXkeQYo-au1j2OlepLD5nVxo/Newer_correct_cqt_fft_stft/splitted_fft/val/Brahms/2161_10.png,Brahms
283,/content/drive/.shortcut-targets-by-id/15qa4hIChQXkeQYo-au1j2OlepLD5nVxo/Newer_correct_cqt_fft_stft/splitted_fft/val/Brahms/2161_11.png,Brahms
284,/content/drive/.shortcut-targets-by-id/15qa4hIChQXkeQYo-au1j2OlepLD5nVxo/Newer_correct_cqt_fft_stft/splitted_fft/val/Brahms/2161_12.png,Brahms
285,/content/drive/.shortcut-targets-by-id/15qa4hIChQXkeQYo-au1j2OlepLD5nVxo/Newer_correct_cqt_fft_stft/splitted_fft/val/Brahms/2161_2.png,Brahms
286,/content/drive/.shortcut-targets-by-id/15qa4hIChQXkeQYo-au1j2OlepLD5nVxo/Newer_correct_cqt_fft_stft/splitted_fft/val/Brahms/2161_3.png,Brahms
287,/content/drive/.shortcut-targets-by-id/15qa4hIChQXkeQYo-au1j2OlepLD5nVxo/Newer_correct_cqt_fft_stft/splitted_fft/val/Brahms/2161_4.png,Mozart
288,/content/drive/.shortcut-targets-by-id/15qa4hIChQXkeQYo-au1j2OlepLD5nVxo/Newer_correct_cqt_fft_stft/splitted_fft/val/Brahms/2161_5.png,Brahms
289,/content/drive/.shortcut-targets-by-id/15qa4hIChQXkeQYo-au1j2OlepLD5nVxo/Newer_correct_cqt_fft_stft/splitted_fft/val/Brahms/2161_6.png,Brahms
290,/content/drive/.shortcut-targets-by-id/15qa4hIChQXkeQYo-au1j2OlepLD5nVxo/Newer_correct_cqt_fft_stft/splitted_fft/val/Brahms/2161_7.png,Brahms
291,/content/drive/.shortcut-targets-by-id/15qa4hIChQXkeQYo-au1j2OlepLD5nVxo/Newer_correct_cqt_fft_stft/splitted_fft/val/Brahms/2161_8.png,Brahms
292,/content/drive/.shortcut-targets-by-id/15qa4hIChQXkeQYo-au1j2OlepLD5nVxo/Newer_correct_cqt_fft_stft/splitted_fft/val/Brahms/2161_9.png,Brahms
293,/content/drive/.shortcut-targets-by-id/15qa4hIChQXkeQYo-au1j2OlepLD5nVxo/Newer_correct_cqt_fft_stft/splitted_fft/val/Cambini/2083_0.png,Cambini
294,/content/drive/.shortcut-targets-by-id/15qa4hIChQXkeQYo-au1j2OlepLD5nVxo/Newer_correct_cqt_fft_stft/splitted_fft/val/Cambini/2083_1.png,Cambini
295,/content/drive/.shortcut-targets-by-id/15qa4hIChQXkeQYo-au1j2OlepLD5nVxo/Newer_correct_cqt_fft_stft/splitted_fft/val/Cambini/2083_2.png,Cambini
296,/content/drive/.shortcut-targets-by-id/15qa4hIChQXkeQYo-au1j2OlepLD5nVxo/Newer_correct_cqt_fft_stft/splitted_fft/val/Cambini/2083_3.png,Cambini
297,/content/drive/.shortcut-targets-by-id/15qa4hIChQXkeQYo-au1j2OlepLD5nVxo/Newer_correct_cqt_fft_stft/splitted_fft/val/Cambini/2083_4.png,Cambini
298,/content/drive/.shortcut-targets-by-id/15qa4hIChQXkeQYo-au1j2OlepLD5nVxo/Newer_correct_cqt_fft_stft/splitted_fft/val/Cambini/2083_5.png,Cambini
299,/content/drive/.shortcut-targets-by-id/15qa4hIChQXkeQYo-au1j2OlepLD5nVxo/Newer_correct_cqt_fft_stft/splitted_fft/val/Cambini/2083_6.png,Cambini
300,/content/drive/.shortcut-targets-by-id/15qa4hIChQXkeQYo-au1j2OlepLD5nVxo/Newer_correct_cqt_fft_stft/splitted_fft/val/Cambini/2083_7.png,Cambini
301,/content/drive/.shortcut-targets-by-id/15qa4hIChQXkeQYo-au1j2OlepLD5nVxo/Newer_correct_cqt_fft_stft/splitted_fft/val/Dvorak/1933_0.png,Dvorak
302,/content/drive/.shortcut-targets-by-id/15qa4hIChQXkeQYo-au1j2OlepLD5nVxo/Newer_correct_cqt_fft_stft/splitted_fft/val/Dvorak/1933_1.png,Dvorak
303,/content/drive/.shortcut-targets-by-id/15qa4hIChQXkeQYo-au1j2OlepLD5nVxo/Newer_correct_cqt_fft_stft/splitted_fft/val/Dvorak/1933_10.png,Dvorak
304,/content/drive/.shortcut-targets-by-id/15qa4hIChQXkeQYo-au1j2OlepLD5nVxo/Newer_correct_cqt_fft_stft/splitted_fft/val/Dvorak/1933_2.png,Mozart
305,/content/drive/.shortcut-targets-by-id/15qa4hIChQXkeQYo-au1j2OlepLD5nVxo/Newer_correct_cqt_fft_stft/splitted_fft/val/Dvorak/1933_3.png,Mozart
306,/content/drive/.shortcut-targets-by-id/15qa4hIChQXkeQYo-au1j2OlepLD5nVxo/Newer_correct_cqt_fft_stft/splitted_fft/val/Dvorak/1933_4.png,Mozart
307,/content/drive/.shortcut-targets-by-id/15qa4hIChQXkeQYo-au1j2OlepLD5nVxo/Newer_correct_cqt_fft_stft/splitted_fft/val/Dvorak/1933_5.png,Dvorak
308,/content/drive/.shortcut-targets-by-id/15qa4hIChQXkeQYo-au1j2OlepLD5nVxo/Newer_correct_cqt_fft_stft/splitted_fft/val/Dvorak/1933_6.png,Beethoven
309,/content/drive/.shortcut-targets-by-id/15qa4hIChQXkeQYo-au1j2OlepLD5nVxo/Newer_correct_cqt_fft_stft/splitted_fft/val/Dvorak/1933_7.png,Dvorak
310,/content/drive/.shortcut-targets-by-id/15qa4hIChQXkeQYo-au1j2OlepLD5nVxo/Newer_correct_cqt_fft_stft/splitted_fft/val/Dvorak/1933_8.png,Schubert
311,/content/drive/.shortcut-targets-by-id/15qa4hIChQXkeQYo-au1j2OlepLD5nVxo/Newer_correct_cqt_fft_stft/splitted_fft/val/Dvorak/1933_9.png,Dvorak
312,/content/drive/.shortcut-targets-by-id/15qa4hIChQXkeQYo-au1j2OlepLD5nVxo/Newer_correct_cqt_fft_stft/splitted_fft/val/Faure/2169_0.png,Schubert
313,/content/drive/.shortcut-targets-by-id/15qa4hIChQXkeQYo-au1j2OlepLD5nVxo/Newer_correct_cqt_fft_stft/splitted_fft/val/Faure/2169_1.png,Mozart
314,/content/drive/.shortcut-targets-by-id/15qa4hIChQXkeQYo-au1j2OlepLD5nVxo/Newer_correct_cqt_fft_stft/splitted_fft/val/Faure/2169_10.png,Faure
315,/content/drive/.shortcut-targets-by-id/15qa4hIChQXkeQYo-au1j2OlepLD5nVxo/Newer_correct_cqt_fft_stft/splitted_fft/val/Faure/2169_11.png,Mozart
316,/content/drive/.shortcut-targets-by-id/15qa4hIChQXkeQYo-au1j2OlepLD5nVxo/Newer_correct_cqt_fft_stft/splitted_fft/val/Faure/2169_12.png,Brahms
317,/content/drive/.shortcut-targets-by-id/15qa4hIChQXkeQYo-au1j2OlepLD5nVxo/Newer_correct_cqt_fft_stft/splitted_fft/val/Faure/2169_13.png,Schubert
318,/content/drive/.shortcut-targets-by-id/15qa4hIChQXkeQYo-au1j2OlepLD5nVxo/Newer_correct_cqt_fft_stft/splitted_fft/val/Faure/2169_14.png,Schubert
319,/content/drive/.shortcut-targets-by-id/15qa4hIChQXkeQYo-au1j2OlepLD5nVxo/Newer_correct_cqt_fft_stft/splitted_fft/val/Faure/2169_15.png,Faure
320,/content/drive/.shortcut-targets-by-id/15qa4hIChQXkeQYo-au1j2OlepLD5nVxo/Newer_correct_cqt_fft_stft/splitted_fft/val/Faure/2169_16.png,Faure
321,/content/drive/.shortcut-targets-by-id/15qa4hIChQXkeQYo-au1j2OlepLD5nVxo/Newer_correct_cqt_fft_stft/splitted_fft/val/Faure/2169_2.png,Brahms
322,/content/drive/.shortcut-targets-by-id/15qa4hIChQXkeQYo-au1j2OlepLD5nVxo/Newer_correct_cqt_fft_stft/splitted_fft/val/Faure/2169_3.png,Faure
323,/content/drive/.shortcut-targets-by-id/15qa4hIChQXkeQYo-au1j2OlepLD5nVxo/Newer_correct_cqt_fft_stft/splitted_fft/val/Faure/2169_4.png,Faure
324,/content/drive/.shortcut-targets-by-id/15qa4hIChQXkeQYo-au1j2OlepLD5nVxo/Newer_correct_cqt_fft_stft/splitted_fft/val/Faure/2169_5.png,Faure
325,/content/drive/.shortcut-targets-by-id/15qa4hIChQXkeQYo-au1j2OlepLD5nVxo/Newer_correct_cqt_fft_stft/splitted_fft/val/Faure/2169_6.png,Faure
326,/content/drive/.shortcut-targets-by-id/15qa4hIChQXkeQYo-au1j2OlepLD5nVxo/Newer_correct_cqt_fft_stft/splitted_fft/val/Faure/2169_7.png,Faure
327,/content/drive/.shortcut-targets-by-id/15qa4hIChQXkeQYo-au1j2OlepLD5nVxo/Newer_correct_cqt_fft_stft/splitted_fft/val/Faure/2169_8.png,Faure
328,/content/drive/.shortcut-targets-by-id/15qa4hIChQXkeQYo-au1j2OlepLD5nVxo/Newer_correct_cqt_fft_stft/splitted_fft/val/Faure/2169_9.png,Brahms
329,/content/drive/.shortcut-targets-by-id/15qa4hIChQXkeQYo-au1j2OlepLD5nVxo/Newer_correct_cqt_fft_stft/splitted_fft/val/Haydn/2105_0.png,Haydn
330,/content/drive/.shortcut-targets-by-id/15qa4hIChQXkeQYo-au1j2OlepLD5nVxo/Newer_correct_cqt_fft_stft/splitted_fft/val/Haydn/2105_1.png,Beethoven
331,/content/drive/.shortcut-targets-by-id/15qa4hIChQXkeQYo-au1j2OlepLD5nVxo/Newer_correct_cqt_fft_stft/splitted_fft/val/Haydn/2105_2.png,Haydn
332,/content/drive/.shortcut-targets-by-id/15qa4hIChQXkeQYo-au1j2OlepLD5nVxo/Newer_correct_cqt_fft_stft/splitted_fft/val/Haydn/2105_3.png,Beethoven
333,/content/drive/.shortcut-targets-by-id/15qa4hIChQXkeQYo-au1j2OlepLD5nVxo/Newer_correct_cqt_fft_stft/splitted_fft/val/Haydn/2105_4.png,Mozart
334,/content/drive/.shortcut-targets-by-id/15qa4hIChQXkeQYo-au1j2OlepLD5nVxo/Newer_correct_cqt_fft_stft/splitted_fft/val/Haydn/2105_5.png,Schubert
335,/content/drive/.shortcut-targets-by-id/15qa4hIChQXkeQYo-au1j2OlepLD5nVxo/Newer_correct_cqt_fft_stft/splitted_fft/val/Haydn/2105_6.png,Bach
336,/content/drive/.shortcut-targets-by-id/15qa4hIChQXkeQYo-au1j2OlepLD5nVxo/Newer_correct_cqt_fft_stft/splitted_fft/val/Haydn/2105_7.png,Ravel
337,/content/drive/.shortcut-targets-by-id/15qa4hIChQXkeQYo-au1j2OlepLD5nVxo/Newer_correct_cqt_fft_stft/splitted_fft/val/Haydn/2105_8.png,Bach
338,/content/drive/.shortcut-targets-by-id/15qa4hIChQXkeQYo-au1j2OlepLD5nVxo/Newer_correct_cqt_fft_stft/splitted_fft/val/Mozart/1873_0.png,Mozart
339,/content/drive/.shortcut-targets-by-id/15qa4hIChQXkeQYo-au1j2OlepLD5nVxo/Newer_correct_cqt_fft_stft/splitted_fft/val/Mozart/1873_1.png,Beethoven
340,/content/drive/.shortcut-targets-by-id/15qa4hIChQXkeQYo-au1j2OlepLD5nVxo/Newer_correct_cqt_fft_stft/splitted_fft/val/Mozart/1873_10.png,Mozart
341,/content/drive/.shortcut-targets-by-id/15qa4hIChQXkeQYo-au1j2OlepLD5nVxo/Newer_correct_cqt_fft_stft/splitted_fft/val/Mozart/1873_11.png,Mozart
342,/content/drive/.shortcut-targets-by-id/15qa4hIChQXkeQYo-au1j2OlepLD5nVxo/Newer_correct_cqt_fft_stft/splitted_fft/val/Mozart/1873_2.png,Mozart
343,/content/drive/.shortcut-targets-by-id/15qa4hIChQXkeQYo-au1j2OlepLD5nVxo/Newer_correct_cqt_fft_stft/splitted_fft/val/Mozart/1873_3.png,Schubert
344,/content/drive/.shortcut-targets-by-id/15qa4hIChQXkeQYo-au1j2OlepLD5nVxo/Newer_correct_cqt_fft_stft/splitted_fft/val/Mozart/1873_4.png,Beethoven
345,/content/drive/.shortcut-targets-by-id/15qa4hIChQXkeQYo-au1j2OlepLD5nVxo/Newer_correct_cqt_fft_stft/splitted_fft/val/Mozart/1873_5.png,Mozart
346,/content/drive/.shortcut-targets-by-id/15qa4hIChQXkeQYo-au1j2OlepLD5nVxo/Newer_correct_cqt_fft_stft/splitted_fft/val/Mozart/1873_6.png,Brahms
347,/content/drive/.shortcut-targets-by-id/15qa4hIChQXkeQYo-au1j2OlepLD5nVxo/Newer_correct_cqt_fft_stft/splitted_fft/val/Mozart/1873_7.png,Schubert
348,/content/drive/.shortcut-targets-by-id/15qa4hIChQXkeQYo-au1j2OlepLD5nVxo/Newer_correct_cqt_fft_stft/splitted_fft/val/Mozart/1873_8.png,Brahms
349,/content/drive/.shortcut-targets-by-id/15qa4hIChQXkeQYo-au1j2OlepLD5nVxo/Newer_correct_cqt_fft_stft/splitted_fft/val/Mozart/1873_9.png,Dvorak
350,/content/drive/.shortcut-targets-by-id/15qa4hIChQXkeQYo-au1j2OlepLD5nVxo/Newer_correct_cqt_fft_stft/splitted_fft/val/Mozart/1876_0.png,Mozart
351,/content/drive/.shortcut-targets-by-id/15qa4hIChQXkeQYo-au1j2OlepLD5nVxo/Newer_correct_cqt_fft_stft/splitted_fft/val/Mozart/1876_1.png,Beethoven
352,/content/drive/.shortcut-targets-by-id/15qa4hIChQXkeQYo-au1j2OlepLD5nVxo/Newer_correct_cqt_fft_stft/splitted_fft/val/Mozart/1876_10.png,Beethoven
353,/content/drive/.shortcut-targets-by-id/15qa4hIChQXkeQYo-au1j2OlepLD5nVxo/Newer_correct_cqt_fft_stft/splitted_fft/val/Mozart/1876_2.png,Mozart
354,/content/drive/.shortcut-targets-by-id/15qa4hIChQXkeQYo-au1j2OlepLD5nVxo/Newer_correct_cqt_fft_stft/splitted_fft/val/Mozart/1876_3.png,Beethoven
355,/content/drive/.shortcut-targets-by-id/15qa4hIChQXkeQYo-au1j2OlepLD5nVxo/Newer_correct_cqt_fft_stft/splitted_fft/val/Mozart/1876_4.png,Mozart
356,/content/drive/.shortcut-targets-by-id/15qa4hIChQXkeQYo-au1j2OlepLD5nVxo/Newer_correct_cqt_fft_stft/splitted_fft/val/Mozart/1876_5.png,Mozart
357,/content/drive/.shortcut-targets-by-id/15qa4hIChQXkeQYo-au1j2OlepLD5nVxo/Newer_correct_cqt_fft_stft/splitted_fft/val/Mozart/1876_6.png,Mozart
358,/content/drive/.shortcut-targets-by-id/15qa4hIChQXkeQYo-au1j2OlepLD5nVxo/Newer_correct_cqt_fft_stft/splitted_fft/val/Mozart/1876_7.png,Mozart
359,/content/drive/.shortcut-targets-by-id/15qa4hIChQXkeQYo-au1j2OlepLD5nVxo/Newer_correct_cqt_fft_stft/splitted_fft/val/Mozart/1876_8.png,Brahms
360,/content/drive/.shortcut-targets-by-id/15qa4hIChQXkeQYo-au1j2OlepLD5nVxo/Newer_correct_cqt_fft_stft/splitted_fft/val/Mozart/1876_9.png,Beethoven
361,/content/drive/.shortcut-targets-by-id/15qa4hIChQXkeQYo-au1j2OlepLD5nVxo/Newer_correct_cqt_fft_stft/splitted_fft/val/Mozart/1893_0.png,Mozart
362,/content/drive/.shortcut-targets-by-id/15qa4hIChQXkeQYo-au1j2OlepLD5nVxo/Newer_correct_cqt_fft_stft/splitted_fft/val/Mozart/1893_1.png,Beethoven
363,/content/drive/.shortcut-targets-by-id/15qa4hIChQXkeQYo-au1j2OlepLD5nVxo/Newer_correct_cqt_fft_stft/splitted_fft/val/Mozart/1893_2.png,Schubert
364,/content/drive/.shortcut-targets-by-id/15qa4hIChQXkeQYo-au1j2OlepLD5nVxo/Newer_correct_cqt_fft_stft/splitted_fft/val/Mozart/1893_3.png,Mozart
365,/content/drive/.shortcut-targets-by-id/15qa4hIChQXkeQYo-au1j2OlepLD5nVxo/Newer_correct_cqt_fft_stft/splitted_fft/val/Mozart/1893_4.png,Beethoven
366,/content/drive/.shortcut-targets-by-id/15qa4hIChQXkeQYo-au1j2OlepLD5nVxo/Newer_correct_cqt_fft_stft/splitted_fft/val/Mozart/1893_5.png,Beethoven
367,/content/drive/.shortcut-targets-by-id/15qa4hIChQXkeQYo-au1j2OlepLD5nVxo/Newer_correct_cqt_fft_stft/splitted_fft/val/Mozart/1893_6.png,Beethoven
368,/content/drive/.shortcut-targets-by-id/15qa4hIChQXkeQYo-au1j2OlepLD5nVxo/Newer_correct_cqt_fft_stft/splitted_fft/val/Mozart/1893_7.png,Beethoven
369,/content/drive/.shortcut-targets-by-id/15qa4hIChQXkeQYo-au1j2OlepLD5nVxo/Newer_correct_cqt_fft_stft/splitted_fft/val/Mozart/1893_8.png,Beethoven
370,/content/drive/.shortcut-targets-by-id/15qa4hIChQXkeQYo-au1j2OlepLD5nVxo/Newer_correct_cqt_fft_stft/splitted_fft/val/Mozart/1893_9.png,Beethoven
371,/content/drive/.shortcut-targets-by-id/15qa4hIChQXkeQYo-au1j2OlepLD5nVxo/Newer_correct_cqt_fft_stft/splitted_fft/val/Ravel/2180_0.png,Mozart
372,/content/drive/.shortcut-targets-by-id/15qa4hIChQXkeQYo-au1j2OlepLD5nVxo/Newer_correct_cqt_fft_stft/splitted_fft/val/Ravel/2180_1.png,Ravel
373,/content/drive/.shortcut-targets-by-id/15qa4hIChQXkeQYo-au1j2OlepLD5nVxo/Newer_correct_cqt_fft_stft/splitted_fft/val/Ravel/2180_2.png,Brahms
374,/content/drive/.shortcut-targets-by-id/15qa4hIChQXkeQYo-au1j2OlepLD5nVxo/Newer_correct_cqt_fft_stft/splitted_fft/val/Ravel/2180_3.png,Schubert
375,/content/drive/.shortcut-targets-by-id/15qa4hIChQXkeQYo-au1j2OlepLD5nVxo/Newer_correct_cqt_fft_stft/splitted_fft/val/Ravel/2180_4.png,Beethoven
376,/content/drive/.shortcut-targets-by-id/15qa4hIChQXkeQYo-au1j2OlepLD5nVxo/Newer_correct_cqt_fft_stft/splitted_fft/val/Ravel/2180_5.png,Ravel
377,/content/drive/.shortcut-targets-by-id/15qa4hIChQXkeQYo-au1j2OlepLD5nVxo/Newer_correct_cqt_fft_stft/splitted_fft/val/Ravel/2180_6.png,Mozart
378,/content/drive/.shortcut-targets-by-id/15qa4hIChQXkeQYo-au1j2OlepLD5nVxo/Newer_correct_cqt_fft_stft/splitted_fft/val/Ravel/2180_7.png,Beethoven
379,/content/drive/.shortcut-targets-by-id/15qa4hIChQXkeQYo-au1j2OlepLD5nVxo/Newer_correct_cqt_fft_stft/splitted_fft/val/Ravel/2180_8.png,Schubert
380,/content/drive/.shortcut-targets-by-id/15qa4hIChQXkeQYo-au1j2OlepLD5nVxo/Newer_correct_cqt_fft_stft/splitted_fft/val/Schubert/1775_0.png,Schubert
381,/content/drive/.shortcut-targets-by-id/15qa4hIChQXkeQYo-au1j2OlepLD5nVxo/Newer_correct_cqt_fft_stft/splitted_fft/val/Schubert/1775_1.png,Schubert
382,/content/drive/.shortcut-targets-by-id/15qa4hIChQXkeQYo-au1j2OlepLD5nVxo/Newer_correct_cqt_fft_stft/splitted_fft/val/Schubert/1775_10.png,Schubert
383,/content/drive/.shortcut-targets-by-id/15qa4hIChQXkeQYo-au1j2OlepLD5nVxo/Newer_correct_cqt_fft_stft/splitted_fft/val/Schubert/1775_11.png,Schubert
384,/content/drive/.shortcut-targets-by-id/15qa4hIChQXkeQYo-au1j2OlepLD5nVxo/Newer_correct_cqt_fft_stft/splitted_fft/val/Schubert/1775_12.png,Schubert
385,/content/drive/.shortcut-targets-by-id/15qa4hIChQXkeQYo-au1j2OlepLD5nVxo/Newer_correct_cqt_fft_stft/splitted_fft/val/Schubert/1775_13.png,Beethoven
386,/content/drive/.shortcut-targets-by-id/15qa4hIChQXkeQYo-au1j2OlepLD5nVxo/Newer_correct_cqt_fft_stft/splitted_fft/val/Schubert/1775_14.png,Beethoven
387,/content/drive/.shortcut-targets-by-id/15qa4hIChQXkeQYo-au1j2OlepLD5nVxo/Newer_correct_cqt_fft_stft/splitted_fft/val/Schubert/1775_15.png,Beethoven
388,/content/drive/.shortcut-targets-by-id/15qa4hIChQXkeQYo-au1j2OlepLD5nVxo/Newer_correct_cqt_fft_stft/splitted_fft/val/Schubert/1775_16.png,Schubert
389,/content/drive/.shortcut-targets-by-id/15qa4hIChQXkeQYo-au1j2OlepLD5nVxo/Newer_correct_cqt_fft_stft/splitted_fft/val/Schubert/1775_17.png,Schubert
390,/content/drive/.shortcut-targets-by-id/15qa4hIChQXkeQYo-au1j2OlepLD5nVxo/Newer_correct_cqt_fft_stft/splitted_fft/val/Schubert/1775_18.png,Beethoven
391,/content/drive/.shortcut-targets-by-id/15qa4hIChQXkeQYo-au1j2OlepLD5nVxo/Newer_correct_cqt_fft_stft/splitted_fft/val/Schubert/1775_2.png,Schubert
392,/content/drive/.shortcut-targets-by-id/15qa4hIChQXkeQYo-au1j2OlepLD5nVxo/Newer_correct_cqt_fft_stft/splitted_fft/val/Schubert/1775_3.png,Schubert
393,/content/drive/.shortcut-targets-by-id/15qa4hIChQXkeQYo-au1j2OlepLD5nVxo/Newer_correct_cqt_fft_stft/splitted_fft/val/Schubert/1775_4.png,Schubert
394,/content/drive/.shortcut-targets-by-id/15qa4hIChQXkeQYo-au1j2OlepLD5nVxo/Newer_correct_cqt_fft_stft/splitted_fft/val/Schubert/1775_5.png,Schubert
395,/content/drive/.shortcut-targets-by-id/15qa4hIChQXkeQYo-au1j2OlepLD5nVxo/Newer_correct_cqt_fft_stft/splitted_fft/val/Schubert/1775_6.png,Schubert
396,/content/drive/.shortcut-targets-by-id/15qa4hIChQXkeQYo-au1j2OlepLD5nVxo/Newer_correct_cqt_fft_stft/splitted_fft/val/Schubert/1775_7.png,Schubert
397,/content/drive/.shortcut-targets-by-id/15qa4hIChQXkeQYo-au1j2OlepLD5nVxo/Newer_correct_cqt_fft_stft/splitted_fft/val/Schubert/1775_8.png,Schubert
398,/content/drive/.shortcut-targets-by-id/15qa4hIChQXkeQYo-au1j2OlepLD5nVxo/Newer_correct_cqt_fft_stft/splitted_fft/val/Schubert/1775_9.png,Schubert
399,/content/drive/.shortcut-targets-by-id/15qa4hIChQXkeQYo-au1j2OlepLD5nVxo/Newer_correct_cqt_fft_stft/splitted_fft/val/Schubert/1776_0.png,Schubert
400,/content/drive/.shortcut-targets-by-id/15qa4hIChQXkeQYo-au1j2OlepLD5nVxo/Newer_correct_cqt_fft_stft/splitted_fft/val/Schubert/1776_1.png,Schubert
401,/content/drive/.shortcut-targets-by-id/15qa4hIChQXkeQYo-au1j2OlepLD5nVxo/Newer_correct_cqt_fft_stft/splitted_fft/val/Schubert/1776_10.png,Schubert
402,/content/drive/.shortcut-targets-by-id/15qa4hIChQXkeQYo-au1j2OlepLD5nVxo/Newer_correct_cqt_fft_stft/splitted_fft/val/Schubert/1776_11.png,Schubert
403,/content/drive/.shortcut-targets-by-id/15qa4hIChQXkeQYo-au1j2OlepLD5nVxo/Newer_correct_cqt_fft_stft/splitted_fft/val/Schubert/1776_12.png,Schubert
404,/content/drive/.shortcut-targets-by-id/15qa4hIChQXkeQYo-au1j2OlepLD5nVxo/Newer_correct_cqt_fft_stft/splitted_fft/val/Schubert/1776_13.png,Schubert
405,/content/drive/.shortcut-targets-by-id/15qa4hIChQXkeQYo-au1j2OlepLD5nVxo/Newer_correct_cqt_fft_stft/splitted_fft/val/Schubert/1776_14.png,Schubert
406,/content/drive/.shortcut-targets-by-id/15qa4hIChQXkeQYo-au1j2OlepLD5nVxo/Newer_correct_cqt_fft_stft/splitted_fft/val/Schubert/1776_15.png,Schubert
407,/content/drive/.shortcut-targets-by-id/15qa4hIChQXkeQYo-au1j2OlepLD5nVxo/Newer_correct_cqt_fft_stft/splitted_fft/val/Schubert/1776_16.png,Schubert
408,/content/drive/.shortcut-targets-by-id/15qa4hIChQXkeQYo-au1j2OlepLD5nVxo/Newer_correct_cqt_fft_stft/splitted_fft/val/Schubert/1776_17.png,Schubert
409,/content/drive/.shortcut-targets-by-id/15qa4hIChQXkeQYo-au1j2OlepLD5nVxo/Newer_correct_cqt_fft_stft/splitted_fft/val/Schubert/1776_18.png,Schubert
410,/content/drive/.shortcut-targets-by-id/15qa4hIChQXkeQYo-au1j2OlepLD5nVxo/Newer_correct_cqt_fft_stft/splitted_fft/val/Schubert/1776_19.png,Schubert
411,/content/drive/.shortcut-targets-by-id/15qa4hIChQXkeQYo-au1j2OlepLD5nVxo/Newer_correct_cqt_fft_stft/splitted_fft/val/Schubert/1776_2.png,Schubert
412,/content/drive/.shortcut-targets-by-id/15qa4hIChQXkeQYo-au1j2OlepLD5nVxo/Newer_correct_cqt_fft_stft/splitted_fft/val/Schubert/1776_20.png,Beethoven
413,/content/drive/.shortcut-targets-by-id/15qa4hIChQXkeQYo-au1j2OlepLD5nVxo/Newer_correct_cqt_fft_stft/splitted_fft/val/Schubert/1776_21.png,Schubert
414,/content/drive/.shortcut-targets-by-id/15qa4hIChQXkeQYo-au1j2OlepLD5nVxo/Newer_correct_cqt_fft_stft/splitted_fft/val/Schubert/1776_22.png,Schubert
415,/content/drive/.shortcut-targets-by-id/15qa4hIChQXkeQYo-au1j2OlepLD5nVxo/Newer_correct_cqt_fft_stft/splitted_fft/val/Schubert/1776_23.png,Beethoven
416,/content/drive/.shortcut-targets-by-id/15qa4hIChQXkeQYo-au1j2OlepLD5nVxo/Newer_correct_cqt_fft_stft/splitted_fft/val/Schubert/1776_3.png,Beethoven
417,/content/drive/.shortcut-targets-by-id/15qa4hIChQXkeQYo-au1j2OlepLD5nVxo/Newer_correct_cqt_fft_stft/splitted_fft/val/Schubert/1776_4.png,Schubert
418,/content/drive/.shortcut-targets-by-id/15qa4hIChQXkeQYo-au1j2OlepLD5nVxo/Newer_correct_cqt_fft_stft/splitted_fft/val/Schubert/1776_5.png,Schubert
419,/content/drive/.shortcut-targets-by-id/15qa4hIChQXkeQYo-au1j2OlepLD5nVxo/Newer_correct_cqt_fft_stft/splitted_fft/val/Schubert/1776_6.png,Schubert
420,/content/drive/.shortcut-targets-by-id/15qa4hIChQXkeQYo-au1j2OlepLD5nVxo/Newer_correct_cqt_fft_stft/splitted_fft/val/Schubert/1776_7.png,Schubert
421,/content/drive/.shortcut-targets-by-id/15qa4hIChQXkeQYo-au1j2OlepLD5nVxo/Newer_correct_cqt_fft_stft/splitted_fft/val/Schubert/1776_8.png,Schubert
422,/content/drive/.shortcut-targets-by-id/15qa4hIChQXkeQYo-au1j2OlepLD5nVxo/Newer_correct_cqt_fft_stft/splitted_fft/val/Schubert/1776_9.png,Schubert
423,/content/drive/.shortcut-targets-by-id/15qa4hIChQXkeQYo-au1j2OlepLD5nVxo/Newer_correct_cqt_fft_stft/splitted_fft/val/Schubert/1777_0.png,Schubert
424,/content/drive/.shortcut-targets-by-id/15qa4hIChQXkeQYo-au1j2OlepLD5nVxo/Newer_correct_cqt_fft_stft/splitted_fft/val/Schubert/1777_1.png,Schubert
425,/content/drive/.shortcut-targets-by-id/15qa4hIChQXkeQYo-au1j2OlepLD5nVxo/Newer_correct_cqt_fft_stft/splitted_fft/val/Schubert/1777_10.png,Schubert
426,/content/drive/.shortcut-targets-by-id/15qa4hIChQXkeQYo-au1j2OlepLD5nVxo/Newer_correct_cqt_fft_stft/splitted_fft/val/Schubert/1777_11.png,Beethoven
427,/content/drive/.shortcut-targets-by-id/15qa4hIChQXkeQYo-au1j2OlepLD5nVxo/Newer_correct_cqt_fft_stft/splitted_fft/val/Schubert/1777_12.png,Beethoven
428,/content/drive/.shortcut-targets-by-id/15qa4hIChQXkeQYo-au1j2OlepLD5nVxo/Newer_correct_cqt_fft_stft/splitted_fft/val/Schubert/1777_13.png,Beethoven
429,/content/drive/.shortcut-targets-by-id/15qa4hIChQXkeQYo-au1j2OlepLD5nVxo/Newer_correct_cqt_fft_stft/splitted_fft/val/Schubert/1777_14.png,Beethoven
430,/content/drive/.shortcut-targets-by-id/15qa4hIChQXkeQYo-au1j2OlepLD5nVxo/Newer_correct_cqt_fft_stft/splitted_fft/val/Schubert/1777_15.png,Schubert
431,/content/drive/.shortcut-targets-by-id/15qa4hIChQXkeQYo-au1j2OlepLD5nVxo/Newer_correct_cqt_fft_stft/splitted_fft/val/Schubert/1777_16.png,Schubert
432,/content/drive/.shortcut-targets-by-id/15qa4hIChQXkeQYo-au1j2OlepLD5nVxo/Newer_correct_cqt_fft_stft/splitted_fft/val/Schubert/1777_17.png,Schubert
433,/content/drive/.shortcut-targets-by-id/15qa4hIChQXkeQYo-au1j2OlepLD5nVxo/Newer_correct_cqt_fft_stft/splitted_fft/val/Schubert/1777_18.png,Schubert
434,/content/drive/.shortcut-targets-by-id/15qa4hIChQXkeQYo-au1j2OlepLD5nVxo/Newer_correct_cqt_fft_stft/splitted_fft/val/Schubert/1777_19.png,Schubert
435,/content/drive/.shortcut-targets-by-id/15qa4hIChQXkeQYo-au1j2OlepLD5nVxo/Newer_correct_cqt_fft_stft/splitted_fft/val/Schubert/1777_2.png,Schubert
436,/content/drive/.shortcut-targets-by-id/15qa4hIChQXkeQYo-au1j2OlepLD5nVxo/Newer_correct_cqt_fft_stft/splitted_fft/val/Schubert/1777_3.png,Schubert
437,/content/drive/.shortcut-targets-by-id/15qa4hIChQXkeQYo-au1j2OlepLD5nVxo/Newer_correct_cqt_fft_stft/splitted_fft/val/Schubert/1777_4.png,Schubert
438,/content/drive/.shortcut-targets-by-id/15qa4hIChQXkeQYo-au1j2OlepLD5nVxo/Newer_correct_cqt_fft_stft/splitted_fft/val/Schubert/1777_5.png,Schubert
439,/content/drive/.shortcut-targets-by-id/15qa4hIChQXkeQYo-au1j2OlepLD5nVxo/Newer_correct_cqt_fft_stft/splitted_fft/val/Schubert/1777_6.png,Beethoven
440,/content/drive/.shortcut-targets-by-id/15qa4hIChQXkeQYo-au1j2OlepLD5nVxo/Newer_correct_cqt_fft_stft/splitted_fft/val/Schubert/1777_7.png,Schubert
441,/content/drive/.shortcut-targets-by-id/15qa4hIChQXkeQYo-au1j2OlepLD5nVxo/Newer_correct_cqt_fft_stft/splitted_fft/val/Schubert/1777_8.png,Schubert
442,/content/drive/.shortcut-targets-by-id/15qa4hIChQXkeQYo-au1j2OlepLD5nVxo/Newer_correct_cqt_fft_stft/splitted_fft/val/Schubert/1777_9.png,Schubert
